titre,lien,date,université,tag,traduction auto,contenu,Unnamed: 0
学校召开学习习近平总书记考察中国人民大学重要讲话精神座谈会,http://news.hust.edu.cn/info/1002/44538.htm,2022-04-27 00:00:00,Huazhong University of Science and Technology,Institution,The school holds the study of the spirit of General Secretary Xi Jinping's inspection of the important speech of Renmin University of China,新闻网讯（记者 粟晓丽 史梦诗）继承优良传统，赓续红色血脉，展现青春担当，践行青年使命。4月27日，五四青年节即将到来之际，华中科技大学举行学习习近平总书记考察中国人民大学重要讲话精神座谈会，校领导与师生代表相聚梧桐语问学中心问道厅，共同学习习近平总书记的重要指示精神，深入交流心得体会，热烈畅谈未来期许，表示将把人生理想和青春奋斗融入到党和人民事业中，用闪光的成绩谱写时代最强音，成为实现中华民族伟大复兴的先锋力量。,
以“三心”换“三心”，航空航天学院扎实做好离退休教师工作,http://news.hust.edu.cn/info/1002/44585.htm,2022-05-03 00:00:00,Huazhong University of Science and Technology,Institution,"With the ""three hearts"" for ""three hearts"", the Academy of Aerospace in Aerospace does a good job of retired teachers",■通讯员 薛茜茜,
第十届全省高校辅导员素质能力大赛暨2022年育人故事分享展示会在校举行,http://news.hust.edu.cn/info/1002/44584.htm,2022-05-03 00:00:00,Huazhong University of Science and Technology,Institution,The 10th provincial university counselor quality ability contest and 2022 education story sharing exhibition meeting was held in school,新闻网讯（通讯员 靖咏安）4月27日，第十届湖北省高校辅导员素质能力大赛暨2022年湖北省高校辅导员育人故事分享展示会在校举行。湖北省委教育工委专职副书记、省教育厅党组成员张幸平，校党委副书记马建辉参加颁奖仪式。我校辅导员孙伟获素质能力大赛一等奖，辅导员张誉千、许文立分别荣获育人故事分享会一等奖和二等奖。,
【70周年校庆·校史上的今天】5月3日,http://news.hust.edu.cn/info/1002/44573.htm,2022-05-03 00:00:00,Huazhong University of Science and Technology,Institution,[70th anniversary school celebration · school history today] May 3rd,,
【70周年校庆·校史上的今天】5月2日,http://news.hust.edu.cn/info/1002/44572.htm,2022-05-02 00:00:00,Huazhong University of Science and Technology,Institution,[70th anniversary school celebration · school history today] May 2nd,,
破解华中大劳动者的幸福密码,http://news.hust.edu.cn/info/1002/44571.htm,2022-05-01 00:00:00,Huazhong University of Science and Technology,Institution,Crack the happy password of the large and middle -aged laborers,新闻网讯 劳动创造幸福，实干成就伟业。每一个时代都有一种先进的精神，源于我们身边的每一位普通劳动者。今天是五一劳动节，一起破解HUSTer的幸福密码。,
【70周年校庆·校史上的今天】5月1日,http://news.hust.edu.cn/info/1002/44569.htm,2022-05-01 00:00:00,Huazhong University of Science and Technology,Institution,[70th anniversary school celebration · school history today] May 1st,,
郝芳华杨宗凯来校调研,http://news.hust.edu.cn/info/1002/44565.htm,2022-04-30 00:00:00,Huazhong University of Science and Technology,Institution,Hao Fanghua Yang Zongkai came to school for investigation,新闻网讯（记者 张雯怡）4月29日，华中师范大学校长郝芳华、副校长夏立新、彭双阶，武汉理工大学校长杨宗凯来校调研，就深化科研合作与我校校长尤政、副校长解孝林沟通交流。,
【70周年校庆·校史上的今天】4月30日,http://news.hust.edu.cn/info/1002/44564.htm,2022-04-30 00:00:00,Huazhong University of Science and Technology,Institution,[70th anniversary school celebration · school history today] April 30th,,
硬刚奥密克戎！他们冲在前方,http://news.hust.edu.cn/info/1002/44562.htm,2022-04-29 00:00:00,Huazhong University of Science and Technology,Institution,Hard Gang Omikon! They rushed forward,■记者 张雯怡 何杰,
第八届“互联网+”大学生创新创业大赛参赛动员会召开,http://news.hust.edu.cn/info/1002/44555.htm,2022-04-29 00:00:00,Huazhong University of Science and Technology,Institution,"The eighth ""Internet+"" college student innovation and entrepreneurship competition contest will be held",新闻网讯（通讯员 王梓桐 刘佳朗 郭菁）4月26日，我校召开第八届“广东工研院杯”创新创业大赛暨中国国际“互联网+”大学生创新创业大赛参赛动员会。校党委副书记马建辉参加会议并讲话。本科生院副院长刘红军主持会议。,
校党委加强医学院班子建设  强调汇聚发展合力共谱一流新篇章,http://news.hust.edu.cn/info/1002/44554.htm,2022-04-29 00:00:00,Huazhong University of Science and Technology,Institution,The construction of the school's party committee strengthened the construction of the medical school.,新闻网讯（记者 粟晓丽）近日，为深入贯彻落实习近平总书记关于人民生命健康和医疗卫生事业发展的重要论述，加快医学教育创新发展，充分发挥学术带头人作用，增强学科组织力、创新力、竞争力，校党委进一步加强医学院领导班子建设，强调汇聚合力，共谱一流医科发展新篇章。,
我校卓越工程师培养研讨会召开,http://news.hust.edu.cn/info/1002/44553.htm,2022-04-29 00:00:00,Huazhong University of Science and Technology,Institution,The training seminar on our school's excellent engineer was held,新闻网讯（通讯员 黎丽）4月28日，我校召开卓越工程师培养研讨会。校长尤政，校党委副书记马建辉，副校长许晓东、张新亮参加会议。研讨会上，马建辉作主题报告，机械学院、电气学院、光电信息学院、材料学院、土木与水利学院等工科院系负责人就卓越工程师培养工作进行了交流分享，尤政作总结讲话。,
【70周年校庆·校史上的今天】4月29日,http://news.hust.edu.cn/info/1002/44552.htm,2022-04-29 00:00:00,Huazhong University of Science and Technology,Institution,[70th anniversary school celebration · school history today] April 29th,,
尤政调研指导第五轮校内巡视工作,http://news.hust.edu.cn/info/1002/44543.htm,2022-04-28 00:00:00,Huazhong University of Science and Technology,Institution,Youzheng research and guidance for the fifth round of school inspection work,新闻网讯 4月27日上午，校党委副书记、校长、巡视工作领导小组组长尤政到巡视组驻地调研指导第五轮校内巡视工作。校党委副书记、纪委书记、巡视工作领导小组副组长周建波参加调研。,
【70周年校庆·校史上的今天】4月28日,http://news.hust.edu.cn/info/1002/44539.htm,2022-04-28 00:00:00,Huazhong University of Science and Technology,Institution,[70th Anniversary Celebration · School History today] April 28th, （本栏目由党委宣传部、档案馆合作推出，文字由吕玉娥、王涛、张思晗、粟晓丽、汪伟颋整理。）,
我校缪向水教授当选2021荆楚楷模年度人物,http://news.hust.edu.cn/info/1002/44533.htm,2022-04-27 00:00:00,Huazhong University of Science and Technology,Institution,Professor Miao Xiang Shui was elected 2021 Jingchu model year figure,新闻网讯 （通讯员 熊炫 刘田昕 记者 苏明华）4月26日，湖北省委宣传部主办的“光耀新时代 共同向未来”2021荆楚楷模年度人物发布仪式举行。我校集成电路学院院长缪向水教授作为2021荆楚楷模年度人物第一个登台亮相。,
华中大中国航天三江集团共建未来智能创新联合研究院,http://news.hust.edu.cn/info/1002/44530.htm,2022-04-27 00:00:00,Huazhong University of Science and Technology,Institution,China Central China Aerospace Sanjiang Group jointly builds Future Intelligent Innovation Joint Research Institute,新闻网讯（ 通讯员 李海燕）为创新校企合作文化，不断探索实践校企合作新机制，促进双方科技创新体系深度融合。4月26日，华中科技大学—中国航天三江集团未来智能创新联合研究院签约授牌仪式在梧桐语问学中心举行。,
校领导深入基建工地调研指导,http://news.hust.edu.cn/info/1002/44525.htm,2022-04-27 00:00:00,Huazhong University of Science and Technology,Institution,School leaders penetrate into the infrastructure site research and guidance,新闻网讯 4月26日上午，校党委书记李元元，副校长湛毅青、梁茜深入基建工地调研指导。,
【70周年校庆·校史上的今天】4月27日,http://news.hust.edu.cn/info/1002/44523.htm,2022-04-27 00:00:00,Huazhong University of Science and Technology,Institution,[70th anniversary school celebration · school history today] April 27th,,
【科学前沿】材料学院翟天佑刘友文团队在二维电催化界面设计取得系列进展,http://news.hust.edu.cn/info/1002/44520.htm,2022-04-26 00:00:00,Huazhong University of Science and Technology,Institution,[Scientific Frontier] Zhai Tianyou Liu Youwen's team in the School of Materials has made a series of progress in the design of the two -dimensional electric catalytic interface,新闻网讯 近期《自然通讯》（Nature Communications）、《先进材料》（AdvancedMaterials）和《德国应用化学》（Angewandte Chemie International Edition）相继刊发了材料学院翟天佑、刘友文团队在二维电催化界面设计及其性能优化的研究进展。在碳中和目标背景下，利用可再生电力资源的电化学工艺实现二氧化碳分子重整制备高值化学品或驱动水分解制氢是“做好碳达峰、碳中和工作”的有效策略之一。二维强耦合异质结由于其界面电荷转移调制效应有望获得高效电催化性能。在此背景下，团队以能源小分子的高效转化为目标，开展强耦合异质界面机理探究、结构设计和电解水应用研究，并取得系列研究进展。,
我校师生热议习近平在中国人民大学考察时的重要讲话,http://news.hust.edu.cn/info/1002/44515.htm,2022-04-26 00:00:00,Huazhong University of Science and Technology,Institution,Teachers and students of our school talked about the important speeches of the investigation when studying at Renmin University of China,新闻网讯 在五四青年节即将到来之际，中共中央总书记、国家主席、中央军委主席习近平4月25日上午来到中国人民大学考察调研。习近平代表党中央，向全国各族青年致以节日的祝贺，向中国人民大学全体师生员工、向全国广大教育工作者和青年工作者致以诚挚的问候。习近平希望全国广大青年牢记党的教诲，立志民族复兴，不负韶华，不负时代，不负人民，在青春的赛道上奋力奔跑，争取跑出当代青年的最好成绩！,
校党委理论学习中心组召开专题学习会,http://news.hust.edu.cn/info/1002/44509.htm,2022-04-26 00:00:00,Huazhong University of Science and Technology,Institution,The school party committee theoretical learning center group held a special study meeting,新闻网讯（记者 崔美娇）4月25日下午，校党委以第七个全民国家安全教育日为契机，组织召开党委理论学习中心组专题学习会，认真学习习近平总书记关于总体国家安全观的重要论述，重点学习党中央关于碳达峰、碳中和工作的决策部署，深入推进习近平生态文明思想入脑入心。我校国家治理研究院副院长孙永平教授作专题导学，校党委书记李元元主持会议。,
【70周年校庆·校史上的今天】4月26日,http://news.hust.edu.cn/info/1002/44506.htm,2022-04-26 00:00:00,Huazhong University of Science and Technology,Institution,[70th anniversary school celebration · school history today] April 26th,,
【70周年校庆·基层动态】社会学院举办校友校庆工作研讨会,http://news.hust.edu.cn/info/1003/44581.htm,2022-05-03 00:00:00,Huazhong University of Science and Technology,Science,[70th Anniversary Celebration · Grassroots Dynamics] Symposium on the Society of Alumni Celebration of Social College,新闻网讯 4月28日晚，社会学院校友及校庆工作研讨会在线上召开，院党委书记肖莉、各地校友会校友代表参加会议，院党委副书记杨飞主持会议。,
附属梨园医院举办2022年青年抗疫故事宣讲会,http://news.hust.edu.cn/info/1003/44579.htm,2022-05-03 00:00:00,Huazhong University of Science and Technology,Science,Affiliated Liyuan Hospital held a lecture on the 2022 Youth Anti -Epidemic Story,新闻网讯 4月27日，医院团委举办了“聆听抗疫故事，绽放青春光芒”青年抗疫故事宣讲会暨特别主题团日。会上对今年成功入选武汉市学雷锋志愿服务示范点的梨园心血管临床医学中心进行了表彰；现场共青团员紧握右拳，重温入团誓词仪式，回顾入团初心，铭记五四精神。,
湖北省教育厅来校调研生涯教育课题研究工作,http://news.hust.edu.cn/info/1003/44566.htm,2022-04-30 00:00:00,Huazhong University of Science and Technology,Science,Hubei Provincial Department of Education comes to school research career education project research work,新闻网讯（通讯员 王曦 田馨煜）4月27日，湖北省教育厅学生处处长段旭辉、省就业指导中心主任尹云波带领专家组一行来校，调研我校承办的湖北省教育科学规划重点课题《新高考背景下中学与大学生涯教育的衔接》进展情况。学生工作部部长高顺文参加座谈会，就业指导与服务中心主任敬鹏飞主持会议。,
微软亚洲研究院（MSRA）副院长刘铁岩受聘我校兼职教授并做客计算机学院“TIME·前沿”论坛,http://news.hust.edu.cn/info/1003/44561.htm,2022-04-29 00:00:00,Huazhong University of Science and Technology,Science,"Liu Tieyan, deputy dean of the Microsoft Institute (MSRA), was hired by part -time professor of our school and a guest of ""Time · Frontier"" forum",新闻网讯（通讯员 何琨）4月28日，微软亚洲研究院（MSRA）副院长、IEEE Fellow、ACM Fellow刘铁岩博士受聘我校兼职教授，受聘仪式线上举行，计算机学院冯丹院长向刘铁岩博士颁发了聘书，计算机学院党委书记吴涛、副院长石宣化、副书记刘鹏参加线上受聘仪式。受聘仪式结束后，刘铁岩做客计算机学院“TIME·前沿”论坛，论坛线上直播吸引了400余人参加。,
袁水桥教授课题组揭示睾丸生殖细胞-支持细胞交互作用的表观遗传调控新机制,http://news.hust.edu.cn/info/1003/44558.htm,2022-04-29 00:00:00,Huazhong University of Science and Technology,Science,Professor Yuan Shuiqiao Research Team revealed testicular germ cells-a new mechanism for epigenetics that support cell interaction effects,新闻网讯 4月19日，华中科技大学同济医学院生殖健康研究所袁水桥课题组在Cell Death & Disease（中科院升级版1区）上在线发表题为：UHRF1 establishes crosstalk between somatic and germ cells in male reproduction的研究成果。,
我校2022年知识产权日系列活动举行,http://news.hust.edu.cn/info/1003/44556.htm,2022-04-29 00:00:00,Huazhong University of Science and Technology,Science,The series of intellectual property days in our school 2022 was held,"新闻网讯（通讯员 李智 付秀峰 冼可霖）4月26日是我国第22个世界知识产权日。今年产权日宣传周活动的主题是“全面开启知识产权强国建设新征程”。为全面加强知识产权保护,积极宣传知识产权保护内容，科发院组织了科转大讲堂及科转沙龙等系列活动。",
【70周年校庆·基层动态】继续教育学院专题学习校庆筹备工作,http://news.hust.edu.cn/info/1003/44551.htm,2022-04-28 00:00:00,Huazhong University of Science and Technology,Science,[70th Anniversary Celebration · Grassroots Dynamics] Special Learning of the School of Continuing Education,新闻网讯（通讯员 谭冬冬）4月27日，继续教育学院（教育培训学院）组织开展院党委理论学习中心组（扩大）学习，邀请校庆工作办公室到学院作学校70年校庆工作专题报告。院长周前进主持学习会。,
我校在2021年度全国高校思政工作优秀案例征集活动中获佳绩,http://news.hust.edu.cn/info/1003/44550.htm,2022-04-28 00:00:00,Huazhong University of Science and Technology,Science,Our school achieved great achievements in the outstanding case collection activities of the national university's ideological and political work in 2021,新闻网讯（通讯员 靖咏安）近日，由教育部思想政治工作司指导，《高校辅导员》编辑部主办的2021年度“全国高校思想政治工作优秀案例征集活动”评审结果发布。我校共三篇案例获奖，其中能源学院辅导员孙伟主持的《“个性化教育、精准化指导”——探索建立“二三三”学业指导工作路径》和电信学院党委书记郑小建主持，许炜、陈世英、潘欣参与的《基于“共享课堂”的精准学生工作方法研究与探讨》获评一等奖；建规学院辅导员杨柳主持，何立群、赵爽、庞灿楠、王玥参与的《党旗领航振兴路，“五力提升”育新人》获评二等奖。,
社会学院召开学生培养专题党委会,http://news.hust.edu.cn/info/1003/44549.htm,2022-04-28 00:00:00,Huazhong University of Science and Technology,Science,The School of Social College held a special party committee of student training,新闻网讯（通讯员 岐尚鲜）4月25日，社会学院召开学生培养专题党委会，听取团委工作要点、学生社团工作、宣传意识形态阵地管理以及学生就业工作相关报告。会议由院党委书记肖莉主持。,
外国语学院2021级新生树木认养挂牌活动举行,http://news.hust.edu.cn/info/1003/44548.htm,2022-04-28 00:00:00,Huazhong University of Science and Technology,Science,The adoption activities of the 2021 freshman trees at the School of Foreign Languages were held,新闻网讯（通讯员 蒋铃航 李嘉琦)4月21日，外国语学院2021级新生树木认养挂牌活动在友谊园举行。,
第二届管理学院学科高端论坛学术交流活动拉开序幕,http://news.hust.edu.cn/info/1003/44545.htm,2022-04-28 00:00:00,Huazhong University of Science and Technology,Science,The academic exchange activity of high -end forums of the 2nd School of Management started,新闻网讯（通讯员 梁媛媛 郑名扬）4月22日下午，为期3个月的第二届管理学院学科高端论坛学术交流活动在梧桐语问学中心问道报告厅拉开序幕。我校副校长张新亮，管理学院党委书记胡艳华、院长杨治，副院长王海军、李建斌，学生工作部研究生工作办公室副主任黄贝娜在线下会场参加活动。,
未来技术创新研究院管委会召开第一届第一次会议,http://news.hust.edu.cn/info/1003/44536.htm,2022-04-27 00:00:00,Huazhong University of Science and Technology,Science,The Management Committee of the Institute of Technology Innovation in the future held the first session of the first session,新闻网讯（通讯员 余晓玲 高志鹏）4月22日，武汉经济技术开发区未来技术创新研究院管委会第一届第一次会议在研究院召开。我校副校长解孝林主持会议。军山新城管理办公室主任周克辉、副主任李铁辉、经开区科技创新中心副主任丁科、军山新城管理办公室招商一局局长鲁艳玲，我校科发院副院长林磊、财务处副处长张志兵、科发院副处长李江华、医科科研办主管张力参加会议。,
基础医学院本科生学术年会暨第八届全国基础医学创新研究及实验设计论坛校赛圆满落幕,http://news.hust.edu.cn/info/1003/44535.htm,2022-04-27 00:00:00,Huazhong University of Science and Technology,Science,Undergraduate Academic Annual Conference and Eighth National Basic Medicine Innovation Research and Experimental Design Forum School Tournament ended successfully,新闻网讯（通讯员 晏汉姣 郭俊红 杨方 王晨晨）4月20日至23日，为期4天的2022年基础医学院本科生学术年会暨第八届全国大学生基础医学创新研究暨实验设计论坛华中科技大学校赛在同济医学院二号教学楼八大教室落下了帷幕。本次年会暨校赛由基础医学院和国家级基础医学实验教学示范中心主办，设立了预赛和决赛两个阶段、基础临床组和中医药学组两个学科组。20日至22日，参加结题验收的94个大创项目参加预赛，按参赛作品总数（110个）的10%产生的11个项目进入决赛，在23日进行的决赛中与未依托大创项目、直接参赛的16个作品同台竞技。,
电信学院成功承办第七届计算机与通信系统国际会议,http://news.hust.edu.cn/info/1003/44521.htm,2022-04-26 00:00:00,Huazhong University of Science and Technology,Science,The Telecommunications College successfully hosted the 7th International Conference on Computer and Communication Systems,新闻网讯（通讯员 张嘉妮）4月22日至25日，由电气与电子工程师协会（IEEE）主办、华中科技大学电子信息与通信学院承办的2022年第七届计算机与通信系统国际会议（ICCCS 2022）成功举办。本届会议采用线上会议形式，来自中国、美国、加拿大、日本、韩国、缅甸等国家的200余名专家学者及在校学生齐聚云端，就计算机和通信系统领域的各个方面展开了深入交流和讨论。,
生命学科人才培养模式改革虚拟教研室建设启动,http://news.hust.edu.cn/info/1003/44519.htm,2022-04-26 00:00:00,Huazhong University of Science and Technology,Science,Life discipline talent training model Reform the construction of the virtual teaching and research room,新闻网讯 4月23日，教育部首批生命学科人才培养模式改革虚拟教研室建设启动会暨第一次工作研讨会在我校顺利召开，会议以“聚焦模式改革，培养创新人才”为主题，围绕虚拟教研室高质量平台建设、生命学科拔尖/卓越创新人才培养模式等展开了深入交流研讨，进一步明确了虚拟教研室组织架构、运行机制、建设定位、目标任务和具体规划等，成立了虚拟教研室教学指导委员会、管理委员会和工作委员会。虚拟教研室教学指导委员会各位专家以及共同参与申报虚拟教研室建设的18所高校领导和专家共计130余人参加了会议。生命科学与技术学院党委书记刘笔锋教授主持会议。,
建规学院教师何三青作品入选第七届全国青年美展,http://news.hust.edu.cn/info/1003/44505.htm,2022-04-25 00:00:00,Huazhong University of Science and Technology,Science,He Sanqing's work of the School of Construction Regulations was selected as the 7th National Youth Beauty Exhibition,新闻网讯 近日，建规学院设计学系青年教师何三青的版画作品《非山非水之案山》入选第七届全国青年美术作品展。该展览由中国文学艺术界联合会、中华全国青年联合会、中国美术家协会共同主办，将于2022年5月在浙江展览馆开展。作为国家级综合性大展，全国青年美展旨在展示青年美术创作成果，培养和扶持青年美术家，激发青年美术家创作更多优秀作品。,
管理学院余翔教授在2022年博鳌论坛知识产权分论坛发言并接受CGTN专访,http://news.hust.edu.cn/info/1003/44500.htm,2022-04-25 00:00:00,Huazhong University of Science and Technology,Science,Professor Yu Xiang of the School of Management spoke at the Boao Forum Intellectual Property Sub -Forum in 2022 and accepted an exclusive interview with CGTN,新闻网讯 4月20日至22日，博鳌亚洲论坛2022年年会在海南博鳌举行。我校管理学院教授、中欧知识产权研究院院长余翔作为论坛发言嘉宾之一，在20日举行的知识产权分论坛上，围绕“亚洲知识产权：趋势与机遇”主题进行了发言与分享，并随后在21日中午接受了CGTN（中国全球电视英文频道）的独家专访及电视直播。,
【70周年校庆·基层动态】校关工委副主任于清双为航空航天学院作校史报告,http://news.hust.edu.cn/info/1003/44498.htm,2022-04-25 00:00:00,Huazhong University of Science and Technology,Science,"[70th anniversary school celebration · grass -roots dynamics] Yu Qingshuang, deputy director of the School Customs Work Committee, works for the History of the Academy of Aeronautics and Aerospace",新闻网讯（通讯员 薛茜茜）4月21日，为迎接70周年校庆，提升航空航天学院学子知校、爱校、荣校意识，学好精神谱系，汲取奋进力量，学院开展“迎校庆，讲校史”专题讲座，邀请我校原副校长、校关工委副主任于清双进行宣讲。,
社会学院创新形式开展教职工理论学习,http://news.hust.edu.cn/info/1003/44496.htm,2022-04-25 00:00:00,Huazhong University of Science and Technology,Science,Innovative form of the School of Social College to carry out theoretical learning of faculty and staff,新闻网讯（通讯员 岐尚鲜 陈湘）4月21日，社会学院开展教职工政治理论学习，集中学习习近平总书记关于乡村振兴的重要讲话精神、在北京冬奥会冬残奥会总结表彰大会上的重要讲话精神，以及违反教师职业行为十项准则的典型案例。学习中，“专业教师理论领学计划”首次试行，鼓励教职工将最新政治理论成果与专业工作有机结合。院党委书记肖莉主持活动。,
“华中大-新国大学术大讲堂”哲学专场成功举办,http://news.hust.edu.cn/info/1003/44495.htm,2022-04-25 00:00:00,Huazhong University of Science and Technology,Science,"""Huazhong University-New State Academic Lecture Hall"" is successfully held in philosophy",新闻网讯（通讯员 吴文卓）4月15日，“华中大-新国大学术大讲堂”哲学学院专场“《论语》中的自我观念”讲座顺利举行。本次讲座由新加坡国立大学中文系劳悦强教授在Zoom平台主讲，100余名师生参加。线下会场设在哲学学院。,
我校教育发展基金会再次获评湖北省“5A级社会组织”单位,http://news.hust.edu.cn/info/1003/44494.htm,2022-04-25 00:00:00,Huazhong University of Science and Technology,Science,"Our school's Education Development Foundation was once again evaluated by the ""5A -level Social Organization"" unit in Hubei Province",,
我校联合圣彼得堡国立大学举办基因编辑和神经增强的伦理问题国际研讨会,http://news.hust.edu.cn/info/1003/44493.htm,2022-04-25 00:00:00,Huazhong University of Science and Technology,Science,Our university cooperates with St. Petersburg National University to host gene editing and nerve enhancement ethical issues international seminar,新闻网讯（通讯员 杨佳）4月13日，哲学学院联合圣彼得堡国立大学哲学学院举办“生命伦理学前沿：基因编辑和神经增强的伦理问题”国际研讨会。圣彼得堡国立大学VadimPerov教授、IgorLarionov教授和TatianaKovaleva博士应邀线上与我院程新宇教授、雷瑞鹏教授和法学院伍春艳副教授围绕“基因编辑和神经增强伦理问题”展开了深入的交流和探讨。,
【我为群众办实事】我校开展梧桐飞絮专项治理工作,http://news.hust.edu.cn/info/1003/44491.htm,2022-04-25 00:00:00,Huazhong University of Science and Technology,Science,[I do practical things for the masses] Our school carried out the special governance work of Indus Fei,新闻网讯 每年春夏之交，校园林荫大道之间的梧桐飞絮都会给师生带来不小的困扰。自4月12日起，总务后勤处联合洪山园林、消防中队、校保卫处，按照“空中+地面”“人力+机械”的治理模式，针对校内主干道及重点区域的梧桐树，采取树冠高压冲淋、局部高枝修剪、强化清扫力度等措施，达到湿化、降尘、除絮的良好成效，方便师生出行。,
第二十一期华中大同心论坛举行,http://news.hust.edu.cn/info/1003/44488.htm,2022-04-25 00:00:00,Huazhong University of Science and Technology,Science,Twenty -first China Central Da Tongxin Forum was held,新闻网讯（通讯员 易鸣） 4月17日上午，由党委统战部主办的第二十一期华中大同心论坛在学校“统战之家”召开。本次论坛由民建华中科技大学委员会承办，民建华中科技大学委员会全体委员、校党委统战部常务副部长马彦琳以及民盟、民进、农工党、致公党、九三学社学校委员会代表通过线上线下相结合方式参加论坛。论坛由民建华中科技大学委员会主委、经济学院教授韩民春主持。,
校党委召开中央巡视整改专题会,http://news.hust.edu.cn/info/1002/44497.htm,2022-04-25 00:00:00,Huazhong University of Science and Technology,Institution,The school party committee held a central inspection and rectification topic meeting,新闻网讯 4月22日上午，校党委召开巡视整改工作领导小组会议暨深化中央巡视整改专题会，落实党中央和中央纪委关于巡视整改工作新部署新要求，对相关重点整改任务进行再梳理、再推进。校党委书记李元元，校党委副书记、校长尤政，校党委副书记、纪委书记周建波，校党委副书记谢正学等校巡视整改工作领导小组负责同志参会。李元元主持会议。,
【70周年校庆·要闻速递】校庆专项工作组组长会议召开,http://news.hust.edu.cn/info/1002/44492.htm,2022-04-25 00:00:00,Huazhong University of Science and Technology,Institution,[70th Anniversary Celebration · Yue News Express] The meeting of the special working group of the school celebration was held,新闻网讯 4月22日上午，70周年校庆专项工作组组长会议召开。副校长许晓东、梁茜参加会议。,
【70周年校庆·校史上的今天】4月25日,http://news.hust.edu.cn/info/1002/44485.htm,2022-04-25 00:00:00,Huazhong University of Science and Technology,Institution,[70th Anniversary Celebration · School History today] April 25th,,
武汉光电国家研究中心陈林王健团队环绕EP实现非对称模式转换的研究获进展,http://news.hust.edu.cn/info/1003/44484.htm,2022-04-25 00:00:00,Huazhong University of Science and Technology,Science,The research of Chen Lin and Wang Jian's team in Wuhan Optoelectronics National Research Center has made progress on the transformation of non -symmetrical mode transitions around EP,新闻网讯 4月19日，武汉光电国家研究中心陈林教授、王健教授团队联合美国纽约城市大学Andrea Alù教授，在《自然·通讯》（NATURE COMMUNICATIONS）发表最新研究进展“Fast encirclement of an exceptional point for highly efficient and compact chiral mode converters”。,
医管院唐尚锋参加国家中长期科技发展规划（2021-2035）和“十四五”国家科技创新规划编制工作,http://news.hust.edu.cn/info/1003/44472.htm,2022-04-22 00:00:00,Huazhong University of Science and Technology,Science,"Tang Shangfeng, Hospital Management Institute, participated in the preparation of the national medium and long-term science and technology development plan (2021-2035) and the ""14th Five-Year Plan"" National Science and Technology Innovation Plan",新闻网讯 2019年，2021-2035年国家中长期科技发展规划研究编制工作启动。按照党中央国务院的战略部署，国家科技部从相关司局、事业单位、高校和科研院所抽调专家学者成立规划专班，专职开展国家中长期科技发展规划（2021-2035）和“十四五”国家科技创新规划编制工作。我校医管院唐尚锋教师于2020年12月被遴选为规划专班成员。,
【70周年校庆·校史上的今天】4月24日,http://news.hust.edu.cn/info/1002/44479.htm,2022-04-24 00:00:00,Huazhong University of Science and Technology,Institution,[70th anniversary school celebration · school history today] April 24th,,
我校基础学科拔尖人才培养研讨会召开,http://news.hust.edu.cn/info/1002/44477.htm,2022-04-23 00:00:00,Huazhong University of Science and Technology,Institution,Seminar for the training seminar on the top talent training of our school,新闻网讯 4月21日，我校召开基础学科拔尖人才培养研讨会。校领导尤政、马建辉、张新亮、解孝林参加会议。研讨会上，马建辉作主题报告，数学、物理学、化学、力学、生命科学、基础医学、计算机科学等基础学科所在院系负责人就拔尖学生培养工作进行了交流分享，尤政作总结讲话。,
【70周年校庆·校史上的今天】4月23日,http://news.hust.edu.cn/info/1002/44476.htm,2022-04-23 00:00:00,Huazhong University of Science and Technology,Institution,[70th Anniversary Celebration · School History today] April 23,,
李元元调研指导第五轮校内巡视工作,http://news.hust.edu.cn/info/1002/44475.htm,2022-04-23 00:00:00,Huazhong University of Science and Technology,Institution,Li Yuanyuan's investigation and guidance of the fifth round of school inspection work,新闻网讯 4月21日上午，校党委书记、巡视工作领导小组组长李元元来到巡视组驻地，调研指导第五轮校内巡视工作，看望慰问巡视干部。校党委副书记、纪委书记、巡视工作领导小组副组长周建波，校党委副书记、巡视工作领导小组副组长谢正学参加。,
华中科技大学第二轮“双一流”建设推进会召开,http://news.hust.edu.cn/info/1002/44474.htm,2022-04-23 00:00:00,Huazhong University of Science and Technology,Institution,"The second round of ""double first -class"" construction promotion meeting of Huazhong University of Science and Technology was held",新闻网讯（通讯员 徐如楠 亓晓同）4月22日，我校召开第二轮“双一流”建设推进会，深入学习贯彻习近平总书记关于“双一流”建设的重要指示批示精神，贯彻落实教育部等三部委第二轮“双一流”建设有关文件和推进会精神，进一步明确“双一流”建设的新使命、新目标、新任务，深入推进学校第二轮“双一流”建设工作。校领导李元元、尤政、王伟、湛毅青、周建波、马建辉、陈建国、梁茜、谢正学、张新亮、解孝林参加会议。副校长许晓东主持会议。,
尤政为年轻干部政治能力提升专题培训班作报告,http://news.hust.edu.cn/info/1002/44471.htm,2022-04-22 00:00:00,Huazhong University of Science and Technology,Institution,You Zheng made a report for the promotion of the political ability of young cadres,新闻网讯（记者 罗祎 粟晓丽）4月21日，学校年轻干部政治能力提升专题培训班第二讲在梧桐语问学中心明德报告厅举行。校长尤政作“顶天立地，追求卓越，推进大学创新体系建设”专题报告，深刻阐述中国共产党对科技创新的艰苦探索、大变局下的时代特征、我国科技创新领域中的主要问题、积极构建大国崛起科技支撑和大学创新体系，强调要立足新发展阶段、贯彻新发展理念、服务构建新发展格局，主动谋大局、应变局、开新局。校党委副书记谢正学主持报告会，副校长张新亮、解孝林参加会议。,
第七届华中大-成均馆大学双边交流会暨研究生学术年会举行,http://news.hust.edu.cn/info/1003/44461.htm,2022-04-21 00:00:00,Huazhong University of Science and Technology,Science,The 7th Huazhong University-Chengjun Pavilion University Bilateral Exchange Conference and Graduate Academic Annual Conference was held,新闻网讯（通讯员 冼可霖 李亨）4月18日至19日，第七届华中科技大学-成均馆大学双边交流会暨研究生学术年会举行。成均馆大学副校长Jun Young LEE、我校副校长陈建国参加开幕式，化学与化工学院副院长谭必恩主持开幕式。,
【70周年校庆·校史上的今天】4月22日,http://news.hust.edu.cn/info/1002/44470.htm,2022-04-22 00:00:00,Huazhong University of Science and Technology,Institution,[70th Anniversary Celebration · Today] Today] April 22,,
我校在全国高校毕业生就业工作调度会上发言,http://news.hust.edu.cn/info/1002/44463.htm,2022-04-21 00:00:00,Huazhong University of Science and Technology,Institution,Our school spoke at the employment work dispatch meeting of college graduates across the country,新闻网讯 4月19日，教育部召开2022届普通高校毕业生就业工作第三次调度视频会，教育部高校学生司副司长吴爱华、学生服务与素质发展中心副主任宁小华出席会议并讲话。我校设置分会场，校党委副书记马建辉参加会议并作交流发言。,
国家重点研发计划“复杂异质微结构高精度印刷工艺及传感器研究”项目启动暨实施方案论证会召开,http://news.hust.edu.cn/info/1002/44459.htm,2022-04-21 00:00:00,Huazhong University of Science and Technology,Institution,"National Key R & D Plan ""Complex heterogeneous micro -structure High -precision printing process and sensor research"" project launch and implementation plan demonstration meeting",新闻网讯 4月16日，由数字制造装备与技术国家重点实验室黄永安教授主持的国家重点研发计划“智能传感器”重点专项“复杂异质微结构高精度印刷工艺及传感器研究”项目启动暨实施方案论证会在武汉召开，会议采用线上线下结合的方式进行。副校长解孝林、科技部高技术研究发展中心先进制造处处长陈智立、湖北省科技厅高新技术处副处长陈俊、机械学院副院长彭芳瑜、论证专家组专家以及6家项目参与单位代表等40余人参会。启动会由科学技术发展院副院长周光勇主持。,
【70周年校庆·院史回眸】​七十正芳华 电气创辉煌,http://news.hust.edu.cn/info/1002/44458.htm,2022-04-21 00:00:00,Huazhong University of Science and Technology,Institution,[70th anniversary school celebration · History of the Hospital of the Hospital] Seventy Zhengfanghua Electric Create Glory,■通讯员 朱瑞东 崔玥琦,
【70周年校庆·校史上的今天】4月21日,http://news.hust.edu.cn/info/1002/44457.htm,2022-04-21 00:00:00,Huazhong University of Science and Technology,Institution,[70th Anniversary Celebration · Today] April 21,,
【科学前沿】武汉光电国家研究中心周印华团队在实现高性能全印刷有机光伏电池中获进展,http://news.hust.edu.cn/info/1002/44453.htm,2022-04-20 00:00:00,Huazhong University of Science and Technology,Institution,"[Science Frontier] Wuhan Photoelectric National Research Center, Zhou Yuhua team, is progressing in achieving high performance full print organic photovoltaic cells",新闻网讯 4月14日，Nature Energy发表了武汉光电国家研究中心周印华教授课题组与德国埃尔朗根纽伦堡大学（FAU）及亥姆霍兹可再生能源研究所（HI-ERN）Christoph J. Brabec教授课题组的合作论文。论文报道了醇相分散的导电聚合物配方PEDOT:F，并基于该配方实现了高性能全印刷有机光伏电池。所制备器件的照片被遴选为Nature Energy 2022年4月的封面图片。,
【70周年校庆·校史上的今天】4月20日,http://news.hust.edu.cn/info/1002/44449.htm,2022-04-20 00:00:00,Huazhong University of Science and Technology,Institution,[70th Anniversary Celebration · Today] Today] April 20,,
【70周年校庆·基层动态】《科学通报》出版华中科技大学建校暨材料学科创立70周年专辑,http://news.hust.edu.cn/info/1003/44455.htm,2022-04-20 00:00:00,Huazhong University of Science and Technology,Science,"[70th Anniversary Celebration · Grassroots Dynamics] ""Science Bulletin"" published the 70th anniversary of the establishment of the School of China University of Science and Technology",新闻网讯 4月20日，《科学通报》“庆祝华中科技大学建校暨材料学科创立70周年”专辑出版，我校材料学院翟天佑教授和周华民教授担任特邀编辑。,
全国第二！法学院代表队获2022年国际刑事法院中文模拟法庭比赛一等奖,http://news.hust.edu.cn/info/1003/44454.htm,2022-04-20 00:00:00,Huazhong University of Science and Technology,Science,The second national second! Law School Delegation was awarded the first prize of the Chinese Simulation Court Competition in the International Criminal Court of 2022,新闻网讯 4月16日至17日，2022年国际刑事法院中文模拟法庭比赛（以下简称“ICC中文赛”）正赛庭辩以线上形式举行。经过激烈的角逐，华中科技大学代表队最终以总积分全国第二名的优异成绩斩获一等奖，安智博同学获得“检方律师十佳辩手”称号。,
协和医院首期核心课程思政培训会举办,http://news.hust.edu.cn/info/1003/44451.htm,2022-04-20 00:00:00,Huazhong University of Science and Technology,Science,The first core curriculum ideological and political training meeting of Xiehe Hospital was held,新闻网讯（通讯员 杨彪 欧阳真）为推动协和医院课程思政高质量建设，深入打造核心课程品牌，积极发挥导师队伍“主力军”、课程建设“主阵地”、课堂教学“主渠道”作用，4月18日，同济医学院附属协和医院课程思政高质量建设暨首期核心课程思政培训会举办。我校马克思主义学院课程思政教学研究中心夏增民教授作培训主讲，协和医院研究生党委副书记欧阳真主持会议。,
【70周年校庆·基层动态】第七届羽毛球团体赛举行,http://news.hust.edu.cn/info/1003/44388.htm,2022-04-19 00:00:00,Huazhong University of Science and Technology,Science,[70th Anniversary Celebration · Grassroots Dynamics] The 7th Badminton Group,新闻网讯（通讯员 宗雪）为喜迎学校70周年校庆，展现我校群众体育文化活动风采，增强教职工体质，4月16日至17日，由校工会主办，体育学院、校羽毛球协会协办的“七十华中大 强国正青春”校庆系列文体活动之第七届羽毛球团体赛在光谷体育馆举行。,
武汉益模科技向材料学院捐资助力学院高质量建设发展,http://news.hust.edu.cn/info/1003/44383.htm,2022-04-18 00:00:00,Huazhong University of Science and Technology,Science,Wuhan Yimo Technology donated funds to the School of Materials to help the college high -quality construction and development,新闻网讯 近期，武汉益模科技向材料学院捐赠仪式举行。材料学院院长、重点实验室主任周华民，副院长卢兴，院党委副书记蒋文海，工会主席王新云、李建军教授，以及益模科技董事长易平、副总经理胡建平等人参加了仪式。捐赠仪式由蒋文海主持。在华中科技大学材料学院70周年华诞之际，易平先生代表公司向材料学院捐赠爱心发展基金15万元，助力学院高质量建设发展。,
省侨联委员、校侨联副主席朱良如教授参加省侨联十一届二次全委会议并作交流发言,http://news.hust.edu.cn/info/1003/44382.htm,2022-04-18 00:00:00,Huazhong University of Science and Technology,Science,"Professor Zhu Liang, a member of the Provincial Overseas Chinese Federation, and Zhu Liang, who taught Zhu Liang, participated in the Second Committee of the Eleventh Committee of the Provincial Overseas Chinese and exchanges",新闻网讯 4月14日，省侨联十一届二次全委会议召开，省委常委、统战部部长尔肯江·吐拉洪出席会议并讲话。会议增选了省侨联十一届委员会委员、常委，选举施政同志为省侨联主席。省侨联委员、校侨联副主席、附属协和医院消化内科主任医师朱良如教授参加会议并作交流发言。,
【70周年校庆·基层动态】迎校庆·乐运动·强体魄——春季体育嘉年华开幕,http://news.hust.edu.cn/info/1003/44375.htm,2022-04-18 00:00:00,Huazhong University of Science and Technology,Science,[70th Anniversary Celebration · Grassroots Dynamics] Welcome to the Celebration · Le Sheng · Strong - Spring Sports Carnival Opening,新闻网讯（通讯员 穆叶群）4月13日，由华中科技大学体育运动委员会主办的“迎校庆·乐运动·强体魄”2022年华中科技大学春季体育嘉年华在西操拉开帷幕。第一期活动由龙舟协会与大学生体育赛事中心共同承办，历时2天，共近500名师生参与活动。,
2021届本科毕业论文（设计）抽检结束,http://news.hust.edu.cn/info/1003/44371.htm,2022-04-18 00:00:00,Huazhong University of Science and Technology,Science,2021 undergraduate graduation thesis (design) sampling end,新闻网讯（通讯员 陈颖）为进一步提高本科毕业论文（设计）质量，4月7日至14日，学校聘请58位校内专家，对2021届本科毕业论文（设计）进行了随机抽查。专家对本科毕业论文（设计）的任务书、开题报告、外文翻译、中期检查表、工作日志等各类材料进行了全面审查，并对存在的问题提出了具体的意见和建议。,
化学与化工学院王靖宇课题组在光催化二氧化碳还原领域取得新进展,http://news.hust.edu.cn/info/1003/44354.htm,2022-04-15 00:00:00,Huazhong University of Science and Technology,Science,Wang Jingyu's research team of Wang Jingyu School of Chemistry and Chemical Engineering has made new progress in the field,新闻网讯（通讯员 李亨）通过直接利用可持续的太阳能将CO2光催化还原为有用的燃料，是解决碳排放和全球变暖挑战的一种极具前景的策略。目前大多数光催化反应需要无氧环境甚至纯CO2气氛作为原料，直接将烟气或空气中的CO2光催化还原制取燃料，显然更有利于控制碳排放与缓解温室效应，但其中高浓度的O2从热力学上更容易被还原，几乎完全阻碍了CO2还原的发生。近日，王靖宇课题组在《Nature Communications》在线刊发了光催化二氧化碳还原领域的新进展（Selective photocatalytic CO2 reduction in aerobic environment by microporous Pd-porphyrin-based polymers coated hollow TiO2），本文通过在空心TiO2表面上超交联卟啉基聚合物（HPP），并配位Pd（II）制备表面多孔的复合光催化剂，实现了有氧环境中CO2还原和H2O氧化的全反应，主要得益于表面多孔结构对CO2/O2的高选择性吸附，以及Pd(II)位点和中空TiO2上的高效电荷分离。论文第一作者为化学与化工学院博士研究生马亚娟，通讯作者为王靖宇教授，合作者包括昆士兰科技大学朱怀勇教授、Eric R. Waclawik教授，中科院化学所陈春城研究员，华中科技大学李涛教授、谭必恩教授、Tetsuro Majima教授，东北师范大学王绍磊教授。,
首届全球校友创新创业大赛北部赛区鸣锣开赛,http://news.hust.edu.cn/info/1003/44353.htm,2022-04-15 00:00:00,Huazhong University of Science and Technology,Science,The first global alumni innovation entrepreneurial competition,新闻网讯 4月12日上午，首届全球校友创新创业大赛北部赛区鸣锣开赛，4个校友创新创业项目通过初赛，晋级复赛。,
全民国家安全教育日 华中大在行动,http://news.hust.edu.cn/info/1002/44391.htm,2022-04-19 00:00:00,Huazhong University of Science and Technology,Institution,National National Security Education Day Huadhong University in Action,新闻网讯（通讯员 黄志明）今年4月15日是第七个全民国家安全教育日，学校各单位围绕“树牢总体国家安全观，感悟新时代国家安全成就，为迎接党的二十大胜利召开营造良好氛围”主题，在落实疫情防控要求的前提下，结合学校实际，开展了一系列以线上活动为主、形式多样的宣传教育活动。,
2021年度教育部社科重大项目“我国高校0到1基础研究和基础创新战略研究”开题会举行,http://news.hust.edu.cn/info/1002/44389.htm,2022-04-19 00:00:00,Huazhong University of Science and Technology,Institution,"2021, China's Social Sciences Major Project ""my country University 0 to 1 Basic Research and Basic Innovation Strategy Research"" held held",新闻网讯（通讯员 佘萍 陈紫荧）4月15日，由我校管理学院刘智强教授主持的2021年度教育部哲学社会科学研究重大课题攻关项目“我国高校0到1基础研究和基础创新战略研究”项目开题会，在管理学院411教室举行。,
我校入选2021年度全国学雷锋志愿服务“四个100”先进典型宣传推选活动名单,http://news.hust.edu.cn/info/1002/44387.htm,2022-04-19 00:00:00,Huazhong University of Science and Technology,Institution,"Our school was selected as the ""Four 100"" advanced typical publicity and selection activities of the National Lei Feng Volunteer Service in 2021",新闻网讯 近日，由中央宣传部、中央文明办等21个部门和单位共同组织开展的2021年度全国学雷锋志愿服务“四个100”先进典型宣传推选活动名单已公布。华中科技大学西部计划（研究生支教团）青年志愿者团队荣获“最佳志愿服务组织”称号。第21届研究生支教团成员、党史教育宣讲志愿者王一苇荣获“最美志愿者”称号。,
【70周年校庆·校史上的今天】4月19日,http://news.hust.edu.cn/info/1002/44386.htm,2022-04-19 00:00:00,Huazhong University of Science and Technology,Institution,[70th Anniversary Celebration · Today] April 19,,
教育部教育管理信息中心来信感谢网安师生,http://news.hust.edu.cn/info/1003/44350.htm,2022-04-14 00:00:00,Huazhong University of Science and Technology,Science,The Ministry of Education Education Management Information Center is coming to thank Netan teachers and students,新闻网讯 4月13日，教育部教育管理信息中心来信感谢网安学院师生在教育系统2021年网络安全攻防演习中的突出贡献。,
我校教育发展基金会再次获评湖北省“5A级社会组织”单位,http://news.hust.edu.cn/info/1002/44494.htm,2022-04-25 00:00:00,Huazhong University of Science and Technology,Institution,"Our school's Education Development Foundation was once again evaluated by the ""5A -level Social Organization"" unit in Hubei Province",,
【70周年校庆·院史回眸】​机械学院：追逐一流梦想 群星辉耀征程,http://news.hust.edu.cn/info/1002/44384.htm,2022-04-18 00:00:00,Huazhong University of Science and Technology,Institution,[70th Anniversary Celebration · The History of the House] Mechanical College: Chasing the first-class dream stars Hui Yao journey,筚路蓝缕，沧桑砥砺，七秩奋进，春华秋实。华中科技大学机械科学与工程学院在70年的办学育人过程中，始终秉持“为党育人，为国育才”的初心使命，与共和国的制造业发展同频共振，引领制造装备自动化、数字化、智能化的发展，形成了自己独特的学科优势和办学风格，在世界机械工程领域享有盛誉。,
校长尤政调研船舶与海洋工程学院,http://news.hust.edu.cn/info/1002/44374.htm,2022-04-18 00:00:00,Huazhong University of Science and Technology,Institution,"Principal, Essence, Survival, Ship and Ocean Engineering",新闻网讯 4月15日，校长尤政带队到船舶与海洋工程学院调研座谈。船海学院班子全体成员及教师代表参加座谈。座谈会由船海学院党委书记顾国强主持。,
【70周年校庆·校史上的今天】4月18日,http://news.hust.edu.cn/info/1002/44370.htm,2022-04-18 00:00:00,Huazhong University of Science and Technology,Institution,[70th Anniversary Celebration · Today] Today] April 18,,
“最强天团”开讲！协和医院打造核心课程“医学前沿”,http://news.hust.edu.cn/info/1003/44338.htm,2022-04-13 00:00:00,Huazhong University of Science and Technology,Science,"""The Strongest Tour"" to open! Union Hospital to create a core course ""Medical Frontier""",新闻网讯（通讯员 田野）4月11日晚，同济医学院附属协和医院精心打造的研究生核心课程医学前沿正式开课，院长胡豫教授领衔的“最强天团”带领同学们聚焦前沿，共话未来。现场座无虚席，掌声雷动。,
【70周年校庆·基层动态】同济医学院召开70周年校庆暨115周年院庆工作布置会,http://news.hust.edu.cn/info/1003/44305.htm,2022-04-11 00:00:00,Huazhong University of Science and Technology,Science,[70th Anniversary Celebration · Grassroots Dynamics] Tongji Medical College held the 70th Anniversary Celebration and 115th Anniversary Work Arrangement,新闻网讯（通讯员 张地）为紧密围绕“与共和国同行、与新时代共进”校庆主题，贯彻落实“学术校庆、文化校庆、健康校庆、务实校庆”工作理念，同济医学院积极推进校庆院庆联动，组织开展同济医学论坛等重点项目和系列文化活动。4月7日上午，同济医学院召开70周年校庆暨115周年院庆工作布置会，副校长陈建国、同济医学院党委副书记邓静萍、副院长舒晓刚参加会议，会议由同济医学院副院长胡华成主持。,
上海新国际博览中心“亲子”方舱同济专家现场查房,http://news.hust.edu.cn/info/1003/44300.htm,2022-04-11 00:00:00,Huazhong University of Science and Technology,Science,"Shanghai New International Expo Center ""Parent-child"" square cabin Tongji expert scene",新闻网讯（通讯员 崔金锐）4月8日，湖北省援沪医疗队领队、华中科技大学同济医院副院长、创伤外科主任医师白祥军带队进入上海新国际博览中心W2“亲子”方舱现场查房并指导梳理方舱工作。,
【70周年校庆·校史上的今天】4月17日,http://news.hust.edu.cn/info/1002/44369.htm,2022-04-17 00:00:00,Huazhong University of Science and Technology,Institution,[70th Anniversary Celebration · Today] Today] April 17,,
中共华中科技大学委员会关于十九届中央第七轮巡视整改进展情况的通报,http://news.hust.edu.cn/info/1002/44368.htm,2022-04-16 00:00:00,Huazhong University of Science and Technology,Institution,Bulletin of the CPC Huazhong University of Science and Technology on the 19th Central Seventh Round Patrol Reform Improvement,根据党中央统一部署，2021年5月8日至7月5日，中央第八巡视组对华中科技大学党委开展了常规巡视。2021年9月3日，中央巡视组向华中科技大学党委反馈了巡视意见。按照巡视工作有关要求，现将巡视整改进展情况予以公布。,
【70周年校庆·校史上的今天】4月16日,http://news.hust.edu.cn/info/1002/44366.htm,2022-04-16 00:00:00,Huazhong University of Science and Technology,Institution,[70th Anniversary Celebration · Today] April 16,,
华中科技大学与中国三峡集团共谱发展新篇,http://news.hust.edu.cn/info/1002/44365.htm,2022-04-15 00:00:00,Huazhong University of Science and Technology,Institution,Huazhong University of Science and Technology and China Three Gorges Group Congratulations New Articles,新闻网讯（记者 王潇潇）4月15日，校党委书记李元元、校长尤政带队前往中国三峡集团总部调研，与中国三峡集团董事长、党组书记雷鸣山，总经理、党组副书记韩君等座谈。双方表示，将深化产学研合作，打造更强大的人才力量、科技力量，实现共赢新发展。,
电信学院国际学生发布首个面向非洲文字理解的公开数据集,http://news.hust.edu.cn/info/1003/44292.htm,2022-04-08 00:00:00,Huazhong University of Science and Technology,Science,Telecom Academy International Students release the first public data set for African text understanding,新闻网讯（通讯员 徐文波）近日，电信学院2019级博士研究生王兴（WONDIMU GEBRE DIKUBAB，埃塞俄比亚籍），发布了首个阿姆哈拉语场景文字检测与识别综合公共数据集和初步的算法解决方案，其论文“Comprehensive Benchmark Datasets for Amharic Scene Text Detection and Recognition”发表在国内计算机领域顶级期刊《SCIENCE CHINA Information Sciences》上。,
能源学院举办多相流与统计物理学术研讨会,http://news.hust.edu.cn/info/1003/44283.htm,2022-04-07 00:00:00,Huazhong University of Science and Technology,Science,The School of Energy held a multi -phase flow and statistical physics academic seminar,新闻网讯（通讯员 唐诗晴 杨益雄）4月1日下午，由华中大能源学院与圣彼得堡国立大学物理学院联合举办的“多相流与统计物理学术研讨会”在线上召开。,
电信学院王兴刚、刘文予团队获视觉媒体英文期刊2021年度最佳论文奖,http://news.hust.edu.cn/info/1003/44282.htm,2022-04-07 00:00:00,Huazhong University of Science and Technology,Science,"Telecom College Wang Xinggang, Liu Wenfei team received visual media English journal 2021 Best Paper Award",（通讯员 方杰民）近日，电信学院师生论文“EfficientPose: Efficient Human Pose Estimation with Neural Architecture Search”获得《Computational Visual Media》 (《计算可视媒体》，简称CVMJ)2021年度最佳论文奖（Best Paper Award）。论文共同第一作者为电信学院硕士研究生张文强、博士研究生方杰民，通讯作者为电信学院王兴刚副教授和刘文予教授。,
协和医院派出最早方舱原班人马入驻上海方舱,http://news.hust.edu.cn/info/1003/44280.htm,2022-04-07 00:00:00,Huazhong University of Science and Technology,Science,"Confucian hospital sent the first half of the class, the original class, the horse, stationed in Shanghai",新闻网讯 4月6日下午1点半，同济医学院附属协和医院援沪医疗队正式入驻上海新国际博览中心方舱医院。协和医院作为2020年中国方舱医院的首建单位，本次援沪重点在于参与该方舱的筹建与医疗援助，目前确定管理范围为1325张床位。,
第二十期华中大同心论坛举行,http://news.hust.edu.cn/info/1003/44271.htm,2022-04-06 00:00:00,Huazhong University of Science and Technology,Science,The twentieth issue of Huazhong Datong Forum was held,新闻网讯（通讯员 陈强）4月1日下午，第二十期华中大同心论坛在学校“统战之家”召开。论坛由校党委统战部主办，致公党华中科技大学委员会联合民革华中科技大学委员会承办。民革、民盟、民建、农工党、致公党、九三学社学校委员会、校侨联代表和校党委统战部常务副部长马彦琳等参加论坛。论坛由致公党华中科技大学委员会副主委、武汉光电国家研究中心研究员王磊主持。,
公卫学院与英国布里斯托大学医学院线上学术分享会举办,http://news.hust.edu.cn/info/1003/44270.htm,2022-04-06 00:00:00,Huazhong University of Science and Technology,Science,Association of Public Academy and UK University Medical College Line Academic Sharing,新闻网讯 3月31日，由我校公卫学院与英国布里斯托大学医学院(Bristol Medical School)共同举办的学术分享会在线召开。我校公卫学院潘安教授和布里斯托大学医学院Liang-Fong Wong副教授共同主持了本次会议。布里斯托大学遗传流行病学教授Nicholas Timpson和我校卫生毒理学系主任李媛媛教授、劳动卫生与环境卫生学系何美安教授就各自研究领域向与会师生进行了分享交流。我校国际交流处医科办主任王海昆、布里斯托大学对外关系司Gabrielle Osborne参加了本次会议。,
机械学院举行医工交叉研讨会,http://news.hust.edu.cn/info/1003/44269.htm,2022-04-06 00:00:00,Huazhong University of Science and Technology,Science,Mechanical College held a medical cross-seminar,新闻网讯（通讯员 朱文革）4月2日，围绕“医工交叉协同创新、发展高端医疗装备”的主题，机械学院举行2022年医工交叉研讨会。机械学院党委书记高亮、科发院医科办主任孙小星、同济医院科研处处长陈刚参加研讨会，研讨会由机械学院副院长彭芳瑜主持。,
温州研究院携手中电海康、瓯海区政府共建创新联合体,http://news.hust.edu.cn/info/1003/44259.htm,2022-04-03 00:00:00,Huazhong University of Science and Technology,Science,Wenzhou Research Institute joins the Chinese Haikang and the Ouhai District Government jointly build a new union,新闻网讯（通讯员 梅文怡 刘菊）3月30日，中电海康集团有限公司、瓯海区人民政府、华中科技大学温州先进制造技术研究院（以下简称温州研究院）三方签署战略合作协议，合力在温州建设创新联合体，探索科技成果转化新模式，打造光电产业高地。浙江省委常委、温州市委书记刘小涛，浙江省科技厅厅长高鹰忠，中电海康集团董事长陈宗年出席活动。,
李元元为年轻干部政治能力提升专题培训班作首场报告,http://news.hust.edu.cn/info/1002/44362.htm,2022-04-15 00:00:00,Huazhong University of Science and Technology,Institution,Li Yuanyuan is the first report for the promotion of the young cadres' political capabilities,新闻网讯(记者 汪伟颋 粟晓丽）4月14日，学校年轻干部政治能力提升专题培训班开班仪式在梧桐语问学中心明德报告厅举行。校党委书记李元元以“锤炼政治品格 提升政治能力 努力成为可堪大用能担重任的栋梁之才”为题，作首场培训报告。他强调，年轻干部要牢记习近平总书记嘱托，努力做到“忠诚、干净、担当”；要深刻认识形势与任务，不断增强责任感使命感；要不断强化担当作为，成为推动学校高质量发展的生力军。校党委副书记谢正学主持开班仪式。培训班学员参加会议，机关部处长、院系党委书记、副书记以及机关职员、辅导员代表等列席会议。,
我校获批三项研究阐释党的十九届六中全会精神国家社科基金重大项目,http://news.hust.edu.cn/info/1002/44360.htm,2022-04-15 00:00:00,Huazhong University of Science and Technology,Institution,Our school has been approved for three research to explain the Party's 19th China Plenary Session of the National Social Science Fund Major Project.,新闻网讯（通讯员 张哲）4月8日，全国哲学社会科学工作办公室公布了研究阐释党的十九届六中全会精神国家社科基金重大项目立项名单，共有130个课题批准立项。我校3个课题获批立项，立项数位居全国高校并列第四名。,
校长尤政调研化学与化工学院,http://news.hust.edu.cn/info/1002/44359.htm,2022-04-15 00:00:00,Huazhong University of Science and Technology,Institution,Schoolmaster Esu Research Chemistry and Chemical Engineering,新闻网讯（通讯员 李亨）4月13日上午，校长尤政带队到化学与化工学院调研座谈。化学与化工学院班子成员及教师代表参加座谈。化学与化工学院党委书记江洪洋主持座谈。,
【国家安全教育日】国家安全离你并不遥远,http://news.hust.edu.cn/info/1002/44358.htm,2022-04-15 00:00:00,Huazhong University of Science and Technology,Institution,[National Safety Education Day] National security is not far from you,4月15日是第七个国家安全教育日，那些看似电影里才有的“陷阱”，其实离我们并不遥远。退伍军人、留学生、高校师生……哪些人是间谍重点关注的目标？日常生活中，该怎样维护国家安全？请看《人民日报》为我们划重点。,
我校与临翔区定点帮扶工作推进视频会举行,http://news.hust.edu.cn/info/1002/44356.htm,2022-04-15 00:00:00,Huazhong University of Science and Technology,Institution,Our school and Linxiang District are set to help work to promote the video.,新闻网讯（记者 张思晗）茶叶、金线莲、雪胆这些临翔特产能不能开发出更多更好的产品，山上的核桃能不能机械化采摘，基层社会治理有哪些新路径……4月13日，我校与临翔区举行定点帮扶工作推进视频会，交流帮扶需求和下一步工作。副校长梁茜主持会议。,
法学院徐军华教授在联合国人权理事会第49届会议上发言,http://news.hust.edu.cn/info/1003/44253.htm,2022-04-02 00:00:00,Huazhong University of Science and Technology,Science,"Professor Xu Junhua, said at its 49th session of the United Nations Council of Human Rights",新闻网讯（通讯员 唐柳）2月28日至4月1日，联合国人权理事会（UNHRC）第49届会议于在瑞士日内瓦召开。中国人权研究会代表、国家人权教育与培训基地-华中科技大学人权法律研究院研究人员、法学院教授徐军华以“打击儿童贩卖犯罪行为：中国为保障儿童权利所做的贡献”为题就儿童贩卖问题作线上发言。,
【70周年校庆·校史上的今天】4月15日,http://news.hust.edu.cn/info/1002/44352.htm,2022-04-15 00:00:00,Huazhong University of Science and Technology,Institution,[70th Anniversary Celebration · Today] Today] April 15,,
李元元调研教育科学研究院,http://news.hust.edu.cn/info/1002/44351.htm,2022-04-14 00:00:00,Huazhong University of Science and Technology,Institution,Li Yuanyuan Research Institute,新闻网讯（通讯员 李依莲）4月7日下午，校党委书记李元元、校党委副书记马建辉等一行到教育科学研究院调研，针对“一流大学育人体系”进行座谈交流。会议由教育科学研究院党委书记王小月主持。,
【70周年校庆·校史上的今天】4月14日,http://news.hust.edu.cn/info/1002/44347.htm,2022-04-14 00:00:00,Huazhong University of Science and Technology,Institution,[70th Anniversary Celebration · Today] Today] April 14,,
计算机学院吕志鹏教授团队联手华为斩获DIMACS算法挑战赛全球冠军,http://news.hust.edu.cn/info/1002/44340.htm,2022-04-13 00:00:00,Huazhong University of Science and Technology,Institution,"Professor Lu Zhipeng, Professor Lu Zhipeng, gave Huali, gave a DIMACS Algorithm Challenge Global Champion",新闻网讯（通讯员 赵娜 王潇潇 李碗容）4月9日结束的第12届美国离散数学和理论计算机科学中心（Center for Discrete Mathematics and Theoretical Computer Science）DIMACS算法挑战赛中，计算机学院吕志鹏教授团队与华为云瑶光调度算法团队组成的联合参赛团队，首次参赛即在四个赛道中斩获两项冠军、一项亚军以及两项季军，是所有参赛队伍中唯一获得多项冠军和前三名的队伍。,
4教师入选2021年度高校计算机专业优秀教师奖励计划,http://news.hust.edu.cn/info/1002/44339.htm,2022-04-13 00:00:00,Huazhong University of Science and Technology,Institution,4 teachers selected 2021 year college computer professional excellent teacher reward plan,新闻网讯 3月，2021年度高校计算机专业优秀教师奖励计划名单公布。55位教师从41所高校计算机专业257名参评者中脱颖而出，我校于俊清、万琳、何云峰、徐鹏4位教师入选，我校也是湖北省唯一入选此奖励计划的高校。,
校党委第五轮巡视完成进驻,http://news.hust.edu.cn/info/1002/44333.htm,2022-04-13 00:00:00,Huazhong University of Science and Technology,Institution,The fifth round of the school party committee is stationed,新闻网讯 根据校党委第五轮巡视工作统一部署，4月6日至12日，5个巡视组完成对15个单位的巡视进驻工作。,
开放共享促发展 电气学院有作为,http://news.hust.edu.cn/info/1003/44249.htm,2022-04-02 00:00:00,Huazhong University of Science and Technology,Science,Open and share the development of the Electrical Academy as,新闻网讯（通讯员 杨向东）2021年下半年投入使用，电气学院“3米法电波暗室”公共实验平台在不到一年时间内，对内支持了多项国家自然科学基金项目、国网联合基金项目、3项500万级企业合作项目等一大批高水平科研项目，对外为意大利TECHIMP、中科院（上海）、中山供电局、武汉供电局、长缆电工、京博集团等多家校外单位提供测试服务，充分发挥了开放共享的社会服务价值。,
【70周年校庆·校史上的今天】4月13日,http://news.hust.edu.cn/info/1002/44331.htm,2022-04-13 00:00:00,Huazhong University of Science and Technology,Institution,[70th Anniversary Celebration · Today] Today] April 13,,
【70周年校庆·校史上的今天】4月12日,http://news.hust.edu.cn/info/1002/44323.htm,2022-04-12 00:00:00,Huazhong University of Science and Technology,Institution,[70th Anniversary Celebration · Today] April 12,,
武汉光电国家研究中心周印华课题组在实现高性能全印刷有机光伏电池中获进展,http://news.hust.edu.cn/info/1003/44372.htm,2022-04-18 00:00:00,Huazhong University of Science and Technology,Science,"Wuhan Optoelectronics National Research Center, Zhou Yinhua Task Force, is progressing in achieving high performance full print organic photovoltaic cells",新闻网讯 4月14日，Nature Energy发表了武汉光电国家研究中心周印华教授课题组与德国埃尔朗根纽伦堡大学（FAU）及亥姆霍兹可再生能源研究所（HI-ERN）Christoph J. Brabec教授课题组的合作论文。论文报道了醇相分散的导电聚合物配方PEDOT:F，并基于该配方实现了高性能全印刷有机光伏电池。所制备器件的照片被遴选为Nature Energy 2022年4月的封面图片。,
建规学院乡村规划教学团队赴东河村调研,http://news.hust.edu.cn/info/1003/44232.htm,2022-03-31 00:00:00,Huazhong University of Science and Technology,Science,Rural planning team to study in Donghe Village,新闻网讯（通讯员 乔杰 张恪）3月29日下午，华中科技大学建筑与城市规划学院乡村规划教学团队赴孝感市孝昌县王店镇东河村，参与“百校联百县”高校服务乡村振兴座谈会，共议共谋孝昌县乡村振兴。,
管理学院代表队获2021年德勤税务精英挑战赛全国比赛冠军,http://news.hust.edu.cn/info/1003/44228.htm,2022-03-30 00:00:00,Huazhong University of Science and Technology,Science,The management college team won the 2021 Delodian Tax Elite Challenge National Competition Championship,新闻网讯 3月26日，2021年度第十七届“税启新程，智拓未来”德勤税务精英挑战赛全国比赛在线上举行。由财政金融管理系张睿副教授带队指导，骆丹娜、成文迪、钟一奇、陶立祥四名学生组成的我校管理学院参赛队伍，凭借着比赛中的优异表现获得冠军。这不仅是管理学院首次获得该赛事的全国冠军，而且也刷新了我校自受邀参加该赛事以来的最佳名次记录。,
点名表扬！北京冬奥组委致谢华中科技大学科研团队,http://news.hust.edu.cn/info/1002/44314.htm,2022-04-11 00:00:00,Huazhong University of Science and Technology,Institution,Call! Beijing Winter Olympics Commission A Thanks to the research team of Huazhong University of Science and Technology,新闻网讯 4月8日，北京冬奥会、冬残奥会总结表彰大会在北京人民大会堂隆重举行，习近平总书记出席大会并强调，伟大的事业孕育伟大的精神，伟大的精神推进伟大的事业。北京冬奥会、冬残奥会广大参与者珍惜伟大时代赋予的机遇，在冬奥申办、筹办、举办的过程中，共同创造了北京冬奥精神，那就是“胸怀大局、自信开放、迎难而上、追求卓越、共创未来”。我们要大力弘扬北京冬奥精神，以更加坚定的自信、更加坚决的勇气，向着实现第二个百年奋斗目标奋勇前进，向着实现中华民族伟大复兴的中国梦奋勇前进。,
华中科技大学与启元实验室签署战略合作协议,http://news.hust.edu.cn/info/1002/44309.htm,2022-04-11 00:00:00,Huazhong University of Science and Technology,Institution,Huazhong University of Science and Technology Signing Strategic Cooperation Agreement in Qiyuan Laboratory,新闻网讯（通讯员 李海燕 记者 史梦诗）为加强学校与启元实验室深度合作，创新学校与国家重大平台合作模式，共同服务国家重大战略需求。4月10日，华中科技大学-启元实验室签署战略合作协议仪式暨座谈交流会在梧桐语问学中心举行。,
华中科技大学—圣彼得堡国立大学学术交流月开幕,http://news.hust.edu.cn/info/1002/44304.htm,2022-04-11 00:00:00,Huazhong University of Science and Technology,Institution,Huazhong University of Science and Technology - Opening of Sheng Petersburg National University,新闻网讯（通讯员 唐诗晴）4月1日，我校与圣彼得堡国立大学相聚云端，举行华中科技大学——圣彼得堡国立大学学术交流月活动。副校长陈建国、圣彼得堡国立大学外事副校长Valeriya Malomuzh参加活动。,
我校118门课程首批上线国家智慧教育平台,http://news.hust.edu.cn/info/1002/44303.htm,2022-04-11 00:00:00,Huazhong University of Science and Technology,Institution,Our 118 courses first batch online national smart education platform,新闻网讯 近日，国家智慧教育平台正式上线。我校118门优质在线开放课程作为首批上线课程面向全球学习者开放，其中包括25门国家级线上一流课程，上线课程总数位居全国高校前列。,
【70周年校庆·校史上的今天】4月11日,http://news.hust.edu.cn/info/1002/44301.htm,2022-04-11 00:00:00,Huazhong University of Science and Technology,Institution,[70th Anniversary Celebration · Today] April 11,,
全校示范性创新团队总结会举行,http://news.hust.edu.cn/info/1003/44225.htm,2022-03-30 00:00:00,Huazhong University of Science and Technology,Science,All school model innovation team summary will be held,新闻网讯（通讯员 何君 庞秀梅）3月28日，全校示范性创新团队总结交流会在启明学院举行。会上， Dian团队、联创、FOCUS团队、创联智能医疗团队、冰岩、红树林、记者团等20多个创新团队负责人围绕团队建设、年度成果、创新项目实践、学科竞赛等方面总结了上年度的工作。,
光电信息学院王兴晟、缪向水教授团队在忆阻器存内计算研究领域取得重要进展,http://news.hust.edu.cn/info/1003/44224.htm,2022-03-30 00:00:00,Huazhong University of Science and Technology,Science,"Wang Xingyu, photovoltaic information, Wang Xingxi, and Professor of Water have made important progress in the field of memory computing research in memory",新闻网讯（通讯员 王兴晟）近日，光电信息学院王兴晟、缪向水教授团队关于忆阻器存算一体化颠覆性技术的最新研究结果发表在著名综合性学术期刊《Advanced Science》，题为“Reconfigurable and Efficient Implementation of 16 Boolean Logics and Full-Adder Functions with Memristor Crossbar for Beyond von Neumann In-Memory Computing”，我校为论文第一通讯单位，王兴晟教授为论文通讯作者，博士生宋玉洁为论文第一作者。,
致公党华中科技大学委员会获市委会多项表彰,http://news.hust.edu.cn/info/1003/44222.htm,2022-03-30 00:00:00,Huazhong University of Science and Technology,Science,The Communist Party of China is a number of commendation of the Municipal Committee,新闻网讯（通讯员 刘璇） 3月26日，致公党武汉市第七届委员会第二次全体（扩大）会议召开。会上对2021年工作表现突出的先进集体和个人进行表彰。,
我校生物科学中法合作办学项目一周年纪念仪式举行,http://news.hust.edu.cn/info/1002/44299.htm,2022-04-11 00:00:00,Huazhong University of Science and Technology,Institution,The first anniversary ceremony of the Chinese Law Cooperation Project of the School of Biology Sciences,新闻网讯 4月8日，我校生物科学中法合作办学项目一周年纪念仪式举行。来自我校、法国巴黎萨克雷大学、埃夫里-巴黎萨克雷大学的近百名代表齐聚一堂，以线上线下相结合的方式，回顾该项目自2021年4月获教育部批准一年来的发展历程，共商未来合作发展方向。校长尤政、副校长陈建国，法国巴黎萨克雷大学校长Sylvie Retailleau，埃夫里-巴黎萨克雷大学校长Patrick Curmi等出席仪式。仪式由生命科学与技术学院党委书记刘笔锋主持。,
【70周年校庆·校史上的今天】4月10日,http://news.hust.edu.cn/info/1002/44298.htm,2022-04-10 00:00:00,Huazhong University of Science and Technology,Institution,[70th Anniversary Celebration · Today] Today] April 10,,
机械学院黄永安教授团队提出“柔性超材料电子”概念,http://news.hust.edu.cn/info/1003/44220.htm,2022-03-30 00:00:00,Huazhong University of Science and Technology,Science,"Professor Huang Yongan, the School of Machinery, proposed ""Flexible Super Material Electronics"" concept",新闻网讯（通讯员 江山）3月24日，华中科技大学机械学院数字制造装备与技术国家重点实验室黄永安教授团队在国际顶级期刊《Advanced Materials》（影响因子：30.849）上在线发表了题为“Flexible Metamaterial Electronics”（柔性超材料电子，以下简称“FMEs”）的综述文章。在前沿领域柔性电子和超材料的研究基础上，提出了“柔性超材料电子”的概念，讨论了超材料的超自然物理特性在柔性电子中的应用、前景及挑战。机械学院博士后江山为本文第一作者，黄永安教授为本文通讯作者。,
【70周年校庆·基层动态】口腔医学院第一届“卓越牙医”口腔技能大赛开幕,http://news.hust.edu.cn/info/1003/44216.htm,2022-03-29 00:00:00,Huazhong University of Science and Technology,Science,"[70th Anniversary Celebration · Grassroots Dynamics] The first ""Excellent Dentist"" Oral Skills Competition in Stomatology",新闻网讯（通讯员 路子倩）3月26日，我校同济医学院口腔医学院第一届“卓越牙医”口腔技能大赛在同济医学院学术报告厅开幕。同济医学院医学教务处处长向明，口腔医学院党委书记、院长陈莉莉教授，副院长毛靖教授参加本次开幕式。,
基础医学院荣岳光团队在细胞自噬研究领域取得新进展,http://news.hust.edu.cn/info/1003/44214.htm,2022-03-29 00:00:00,Huazhong University of Science and Technology,Science,The Rong Yueguang team of the Basic Medical College made a new progress in the field of cytops research,"新闻网讯（通讯员 尹燕华）3月25日，华中科技大学基础医学院病原生物学系荣岳光教授团队在Nature Cell Biology在线发表题为Recycling of autophagosomal components from autolysosomes by the recycler complex的文章，揭示了自噬体的外膜成分循环利用的生物学过程（AutophagosomalComponentsRecycling, ACR），并鉴定了负责此过程的蛋白质复合体Recycler。",
【70周年校庆·校史上的今天】4月16日,info/1002/44366.htm,2022-04-16,Huazhong University of Science and Technology,Institution,,,
华中科技大学与中国三峡集团共谱发展新篇,info/1002/44365.htm,2022-04-15,Huazhong University of Science and Technology,Institution,,新闻网讯（记者 王潇潇）4月15日，校党委书记李元元、校长尤政带队前往中国三峡集团总部调研，与中国三峡集团董事长、党组书记雷鸣山，总经理、党组副书记韩君等座谈。双方表示，将深化产学研合作，打造更强大的人才力量、科技力量，实现共赢新发展。,
李元元为年轻干部政治能力提升专题培训班作首场报告,info/1002/44362.htm,2022-04-15,Huazhong University of Science and Technology,Institution,,新闻网讯(记者 汪伟颋 粟晓丽）4月14日，学校年轻干部政治能力提升专题培训班开班仪式在梧桐语问学中心明德报告厅举行。校党委书记李元元以“锤炼政治品格 提升政治能力 努力成为可堪大用能担重任的栋梁之才”为题，作首场培训报告。他强调，年轻干部要牢记习近平总书记嘱托，努力做到“忠诚、干净、担当”；要深刻认识形势与任务，不断增强责任感使命感；要不断强化担当作为，成为推动学校高质量发展的生力军。校党委副书记谢正学主持开班仪式。培训班学员参加会议，机关部处长、院系党委书记、副书记以及机关职员、辅导员代表等列席会议。,
我校获批三项研究阐释党的十九届六中全会精神国家社科基金重大项目,info/1002/44360.htm,2022-04-15,Huazhong University of Science and Technology,Institution,,新闻网讯（通讯员 张哲）4月8日，全国哲学社会科学工作办公室公布了研究阐释党的十九届六中全会精神国家社科基金重大项目立项名单，共有130个课题批准立项。我校3个课题获批立项，立项数位居全国高校并列第四名。,
校长尤政调研化学与化工学院,info/1002/44359.htm,2022-04-15,Huazhong University of Science and Technology,Institution,,新闻网讯（通讯员 李亨）4月13日上午，校长尤政带队到化学与化工学院调研座谈。化学与化工学院班子成员及教师代表参加座谈。化学与化工学院党委书记江洪洋主持座谈。,
【国家安全教育日】国家安全离你并不遥远,info/1002/44358.htm,2022-04-15,Huazhong University of Science and Technology,Institution,,4月15日是第七个国家安全教育日，那些看似电影里才有的“陷阱”，其实离我们并不遥远。退伍军人、留学生、高校师生……哪些人是间谍重点关注的目标？日常生活中，该怎样维护国家安全？请看《人民日报》为我们划重点。,
我校与临翔区定点帮扶工作推进视频会举行,info/1002/44356.htm,2022-04-15,Huazhong University of Science and Technology,Institution,,新闻网讯（记者 张思晗）茶叶、金线莲、雪胆这些临翔特产能不能开发出更多更好的产品，山上的核桃能不能机械化采摘，基层社会治理有哪些新路径……4月13日，我校与临翔区举行定点帮扶工作推进视频会，交流帮扶需求和下一步工作。副校长梁茜主持会议。,
【70周年校庆·校史上的今天】4月15日,info/1002/44352.htm,2022-04-15,Huazhong University of Science and Technology,Institution,,,
李元元调研教育科学研究院,info/1002/44351.htm,2022-04-14,Huazhong University of Science and Technology,Institution,,新闻网讯（通讯员 李依莲）4月7日下午，校党委书记李元元、校党委副书记马建辉等一行到教育科学研究院调研，针对“一流大学育人体系”进行座谈交流。会议由教育科学研究院党委书记王小月主持。,
【70周年校庆·校史上的今天】4月14日,info/1002/44347.htm,2022-04-14,Huazhong University of Science and Technology,Institution,,,
计算机学院吕志鹏教授团队联手华为斩获DIMACS算法挑战赛全球冠军,info/1002/44340.htm,2022-04-13,Huazhong University of Science and Technology,Institution,,新闻网讯（通讯员 赵娜 王潇潇 李碗容）4月9日结束的第12届美国离散数学和理论计算机科学中心（Center for Discrete Mathematics and Theoretical Computer Science）DIMACS算法挑战赛中，计算机学院吕志鹏教授团队与华为云瑶光调度算法团队组成的联合参赛团队，首次参赛即在四个赛道中斩获两项冠军、一项亚军以及两项季军，是所有参赛队伍中唯一获得多项冠军和前三名的队伍。,
4教师入选2021年度高校计算机专业优秀教师奖励计划,info/1002/44339.htm,2022-04-13,Huazhong University of Science and Technology,Institution,,新闻网讯 3月，2021年度高校计算机专业优秀教师奖励计划名单公布。55位教师从41所高校计算机专业257名参评者中脱颖而出，我校于俊清、万琳、何云峰、徐鹏4位教师入选，我校也是湖北省唯一入选此奖励计划的高校。,
校党委第五轮巡视完成进驻,info/1002/44333.htm,2022-04-13,Huazhong University of Science and Technology,Institution,,新闻网讯 根据校党委第五轮巡视工作统一部署，4月6日至12日，5个巡视组完成对15个单位的巡视进驻工作。,
【70周年校庆·校史上的今天】4月13日,info/1002/44331.htm,2022-04-13,Huazhong University of Science and Technology,Institution,,,
【70周年校庆·校史上的今天】4月12日,info/1002/44323.htm,2022-04-12,Huazhong University of Science and Technology,Institution,,,
点名表扬！北京冬奥组委致谢华中科技大学科研团队,info/1002/44314.htm,2022-04-11,Huazhong University of Science and Technology,Institution,,新闻网讯 4月8日，北京冬奥会、冬残奥会总结表彰大会在北京人民大会堂隆重举行，习近平总书记出席大会并强调，伟大的事业孕育伟大的精神，伟大的精神推进伟大的事业。北京冬奥会、冬残奥会广大参与者珍惜伟大时代赋予的机遇，在冬奥申办、筹办、举办的过程中，共同创造了北京冬奥精神，那就是“胸怀大局、自信开放、迎难而上、追求卓越、共创未来”。我们要大力弘扬北京冬奥精神，以更加坚定的自信、更加坚决的勇气，向着实现第二个百年奋斗目标奋勇前进，向着实现中华民族伟大复兴的中国梦奋勇前进。,
华中科技大学与启元实验室签署战略合作协议,info/1002/44309.htm,2022-04-11,Huazhong University of Science and Technology,Institution,,新闻网讯（通讯员 李海燕 记者 史梦诗）为加强学校与启元实验室深度合作，创新学校与国家重大平台合作模式，共同服务国家重大战略需求。4月10日，华中科技大学-启元实验室签署战略合作协议仪式暨座谈交流会在梧桐语问学中心举行。,
华中科技大学—圣彼得堡国立大学学术交流月开幕,info/1002/44304.htm,2022-04-11,Huazhong University of Science and Technology,Institution,,新闻网讯（通讯员 唐诗晴）4月1日，我校与圣彼得堡国立大学相聚云端，举行华中科技大学——圣彼得堡国立大学学术交流月活动。副校长陈建国、圣彼得堡国立大学外事副校长Valeriya Malomuzh参加活动。,
我校118门课程首批上线国家智慧教育平台,info/1002/44303.htm,2022-04-11,Huazhong University of Science and Technology,Institution,,新闻网讯 近日，国家智慧教育平台正式上线。我校118门优质在线开放课程作为首批上线课程面向全球学习者开放，其中包括25门国家级线上一流课程，上线课程总数位居全国高校前列。,
【70周年校庆·校史上的今天】4月11日,info/1002/44301.htm,2022-04-11,Huazhong University of Science and Technology,Institution,,,
我校生物科学中法合作办学项目一周年纪念仪式举行,info/1002/44299.htm,2022-04-11,Huazhong University of Science and Technology,Institution,,新闻网讯 4月8日，我校生物科学中法合作办学项目一周年纪念仪式举行。来自我校、法国巴黎萨克雷大学、埃夫里-巴黎萨克雷大学的近百名代表齐聚一堂，以线上线下相结合的方式，回顾该项目自2021年4月获教育部批准一年来的发展历程，共商未来合作发展方向。校长尤政、副校长陈建国，法国巴黎萨克雷大学校长Sylvie Retailleau，埃夫里-巴黎萨克雷大学校长Patrick Curmi等出席仪式。仪式由生命科学与技术学院党委书记刘笔锋主持。,
【70周年校庆·校史上的今天】4月10日,info/1002/44298.htm,2022-04-10,Huazhong University of Science and Technology,Institution,,,
【70周年校庆·校史上的今天】4月9日,info/1002/44296.htm,2022-04-09,Huazhong University of Science and Technology,Institution,,,
校长尤政走访华师一附中,info/1002/44295.htm,2022-04-09,Huazhong University of Science and Technology,Institution,,新闻网讯（记者 史梦诗）为推进高等教育与中学教育深度融合，加快高中高校一体化人才培养，4月8日，校长尤政带队走访华师一附中，参观实践育人基地，开展招生座谈交流。,
化学与化工学院王靖宇课题组在光催化二氧化碳还原领域取得新进展,info/1003/44354.htm,2022-04-15,Huazhong University of Science and Technology,Science,,新闻网讯（通讯员 李亨）通过直接利用可持续的太阳能将CO2光催化还原为有用的燃料，是解决碳排放和全球变暖挑战的一种极具前景的策略。目前大多数光催化反应需要无氧环境甚至纯CO2气氛作为原料，直接将烟气或空气中的CO2光催化还原制取燃料，显然更有利于控制碳排放与缓解温室效应，但其中高浓度的O2从热力学上更容易被还原，几乎完全阻碍了CO2还原的发生。近日，王靖宇课题组在《Nature Communications》在线刊发了光催化二氧化碳还原领域的新进展（Selective photocatalytic CO2 reduction in aerobic environment by microporous Pd-porphyrin-based polymers coated hollow TiO2），本文通过在空心TiO2表面上超交联卟啉基聚合物（HPP），并配位Pd（II）制备表面多孔的复合光催化剂，实现了有氧环境中CO2还原和H2O氧化的全反应，主要得益于表面多孔结构对CO2/O2的高选择性吸附，以及Pd(II)位点和中空TiO2上的高效电荷分离。论文第一作者为化学与化工学院博士研究生马亚娟，通讯作者为王靖宇教授，合作者包括昆士兰科技大学朱怀勇教授、Eric R. Waclawik教授，中科院化学所陈春城研究员，华中科技大学李涛教授、谭必恩教授、Tetsuro Majima教授，东北师范大学王绍磊教授。,
首届全球校友创新创业大赛北部赛区鸣锣开赛,info/1003/44353.htm,2022-04-15,Huazhong University of Science and Technology,Science,,新闻网讯 4月12日上午，首届全球校友创新创业大赛北部赛区鸣锣开赛，4个校友创新创业项目通过初赛，晋级复赛。,
教育部教育管理信息中心来信感谢网安师生,info/1003/44350.htm,2022-04-14,Huazhong University of Science and Technology,Science,,新闻网讯 4月13日，教育部教育管理信息中心来信感谢网安学院师生在教育系统2021年网络安全攻防演习中的突出贡献。,
“最强天团”开讲！协和医院打造核心课程“医学前沿”,info/1003/44338.htm,2022-04-13,Huazhong University of Science and Technology,Science,,新闻网讯（通讯员 田野）4月11日晚，同济医学院附属协和医院精心打造的研究生核心课程医学前沿正式开课，院长胡豫教授领衔的“最强天团”带领同学们聚焦前沿，共话未来。现场座无虚席，掌声雷动。,
【70周年校庆·基层动态】同济医学院召开70周年校庆暨115周年院庆工作布置会,info/1003/44305.htm,2022-04-11,Huazhong University of Science and Technology,Science,,新闻网讯（通讯员 张地）为紧密围绕“与共和国同行、与新时代共进”校庆主题，贯彻落实“学术校庆、文化校庆、健康校庆、务实校庆”工作理念，同济医学院积极推进校庆院庆联动，组织开展同济医学论坛等重点项目和系列文化活动。4月7日上午，同济医学院召开70周年校庆暨115周年院庆工作布置会，副校长陈建国、同济医学院党委副书记邓静萍、副院长舒晓刚参加会议，会议由同济医学院副院长胡华成主持。,
上海新国际博览中心“亲子”方舱同济专家现场查房,info/1003/44300.htm,2022-04-11,Huazhong University of Science and Technology,Science,,新闻网讯（通讯员 崔金锐）4月8日，湖北省援沪医疗队领队、华中科技大学同济医院副院长、创伤外科主任医师白祥军带队进入上海新国际博览中心W2“亲子”方舱现场查房并指导梳理方舱工作。,
电信学院国际学生发布首个面向非洲文字理解的公开数据集,info/1003/44292.htm,2022-04-08,Huazhong University of Science and Technology,Science,,新闻网讯（通讯员 徐文波）近日，电信学院2019级博士研究生王兴（WONDIMU GEBRE DIKUBAB，埃塞俄比亚籍），发布了首个阿姆哈拉语场景文字检测与识别综合公共数据集和初步的算法解决方案，其论文“Comprehensive Benchmark Datasets for Amharic Scene Text Detection and Recognition”发表在国内计算机领域顶级期刊《SCIENCE CHINA Information Sciences》上。,
能源学院举办多相流与统计物理学术研讨会,info/1003/44283.htm,2022-04-07,Huazhong University of Science and Technology,Science,,新闻网讯（通讯员 唐诗晴 杨益雄）4月1日下午，由华中大能源学院与圣彼得堡国立大学物理学院联合举办的“多相流与统计物理学术研讨会”在线上召开。,
电信学院王兴刚、刘文予团队获视觉媒体英文期刊2021年度最佳论文奖,info/1003/44282.htm,2022-04-07,Huazhong University of Science and Technology,Science,,（通讯员 方杰民）近日，电信学院师生论文“EfficientPose: Efficient Human Pose Estimation with Neural Architecture Search”获得《Computational Visual Media》 (《计算可视媒体》，简称CVMJ)2021年度最佳论文奖（Best Paper Award）。论文共同第一作者为电信学院硕士研究生张文强、博士研究生方杰民，通讯作者为电信学院王兴刚副教授和刘文予教授。,
协和医院派出最早方舱原班人马入驻上海方舱,info/1003/44280.htm,2022-04-07,Huazhong University of Science and Technology,Science,,新闻网讯 4月6日下午1点半，同济医学院附属协和医院援沪医疗队正式入驻上海新国际博览中心方舱医院。协和医院作为2020年中国方舱医院的首建单位，本次援沪重点在于参与该方舱的筹建与医疗援助，目前确定管理范围为1325张床位。,
第二十期华中大同心论坛举行,info/1003/44271.htm,2022-04-06,Huazhong University of Science and Technology,Science,,新闻网讯（通讯员 陈强）4月1日下午，第二十期华中大同心论坛在学校“统战之家”召开。论坛由校党委统战部主办，致公党华中科技大学委员会联合民革华中科技大学委员会承办。民革、民盟、民建、农工党、致公党、九三学社学校委员会、校侨联代表和校党委统战部常务副部长马彦琳等参加论坛。论坛由致公党华中科技大学委员会副主委、武汉光电国家研究中心研究员王磊主持。,
公卫学院与英国布里斯托大学医学院线上学术分享会举办,info/1003/44270.htm,2022-04-06,Huazhong University of Science and Technology,Science,,新闻网讯 3月31日，由我校公卫学院与英国布里斯托大学医学院(Bristol Medical School)共同举办的学术分享会在线召开。我校公卫学院潘安教授和布里斯托大学医学院Liang-Fong Wong副教授共同主持了本次会议。布里斯托大学遗传流行病学教授Nicholas Timpson和我校卫生毒理学系主任李媛媛教授、劳动卫生与环境卫生学系何美安教授就各自研究领域向与会师生进行了分享交流。我校国际交流处医科办主任王海昆、布里斯托大学对外关系司Gabrielle Osborne参加了本次会议。,
机械学院举行医工交叉研讨会,info/1003/44269.htm,2022-04-06,Huazhong University of Science and Technology,Science,,新闻网讯（通讯员 朱文革）4月2日，围绕“医工交叉协同创新、发展高端医疗装备”的主题，机械学院举行2022年医工交叉研讨会。机械学院党委书记高亮、科发院医科办主任孙小星、同济医院科研处处长陈刚参加研讨会，研讨会由机械学院副院长彭芳瑜主持。,
温州研究院携手中电海康、瓯海区政府共建创新联合体,info/1003/44259.htm,2022-04-03,Huazhong University of Science and Technology,Science,,新闻网讯（通讯员 梅文怡 刘菊）3月30日，中电海康集团有限公司、瓯海区人民政府、华中科技大学温州先进制造技术研究院（以下简称温州研究院）三方签署战略合作协议，合力在温州建设创新联合体，探索科技成果转化新模式，打造光电产业高地。浙江省委常委、温州市委书记刘小涛，浙江省科技厅厅长高鹰忠，中电海康集团董事长陈宗年出席活动。,
法学院徐军华教授在联合国人权理事会第49届会议上发言,info/1003/44253.htm,2022-04-02,Huazhong University of Science and Technology,Science,,新闻网讯（通讯员 唐柳）2月28日至4月1日，联合国人权理事会（UNHRC）第49届会议于在瑞士日内瓦召开。中国人权研究会代表、国家人权教育与培训基地-华中科技大学人权法律研究院研究人员、法学院教授徐军华以“打击儿童贩卖犯罪行为：中国为保障儿童权利所做的贡献”为题就儿童贩卖问题作线上发言。,
开放共享促发展 电气学院有作为,info/1003/44249.htm,2022-04-02,Huazhong University of Science and Technology,Science,,新闻网讯（通讯员 杨向东）2021年下半年投入使用，电气学院“3米法电波暗室”公共实验平台在不到一年时间内，对内支持了多项国家自然科学基金项目、国网联合基金项目、3项500万级企业合作项目等一大批高水平科研项目，对外为意大利TECHIMP、中科院（上海）、中山供电局、武汉供电局、长缆电工、京博集团等多家校外单位提供测试服务，充分发挥了开放共享的社会服务价值。,
建规学院乡村规划教学团队赴东河村调研,info/1003/44232.htm,2022-03-31,Huazhong University of Science and Technology,Science,,新闻网讯（通讯员 乔杰 张恪）3月29日下午，华中科技大学建筑与城市规划学院乡村规划教学团队赴孝感市孝昌县王店镇东河村，参与“百校联百县”高校服务乡村振兴座谈会，共议共谋孝昌县乡村振兴。,
管理学院代表队获2021年德勤税务精英挑战赛全国比赛冠军,info/1003/44228.htm,2022-03-30,Huazhong University of Science and Technology,Science,,新闻网讯 3月26日，2021年度第十七届“税启新程，智拓未来”德勤税务精英挑战赛全国比赛在线上举行。由财政金融管理系张睿副教授带队指导，骆丹娜、成文迪、钟一奇、陶立祥四名学生组成的我校管理学院参赛队伍，凭借着比赛中的优异表现获得冠军。这不仅是管理学院首次获得该赛事的全国冠军，而且也刷新了我校自受邀参加该赛事以来的最佳名次记录。,
全校示范性创新团队总结会举行,info/1003/44225.htm,2022-03-30,Huazhong University of Science and Technology,Science,,新闻网讯（通讯员 何君 庞秀梅）3月28日，全校示范性创新团队总结交流会在启明学院举行。会上， Dian团队、联创、FOCUS团队、创联智能医疗团队、冰岩、红树林、记者团等20多个创新团队负责人围绕团队建设、年度成果、创新项目实践、学科竞赛等方面总结了上年度的工作。,
光电信息学院王兴晟、缪向水教授团队在忆阻器存内计算研究领域取得重要进展,info/1003/44224.htm,2022-03-30,Huazhong University of Science and Technology,Science,,新闻网讯（通讯员 王兴晟）近日，光电信息学院王兴晟、缪向水教授团队关于忆阻器存算一体化颠覆性技术的最新研究结果发表在著名综合性学术期刊《Advanced Science》，题为“Reconfigurable and Efficient Implementation of 16 Boolean Logics and Full-Adder Functions with Memristor Crossbar for Beyond von Neumann In-Memory Computing”，我校为论文第一通讯单位，王兴晟教授为论文通讯作者，博士生宋玉洁为论文第一作者。,
致公党华中科技大学委员会获市委会多项表彰,info/1003/44222.htm,2022-03-30,Huazhong University of Science and Technology,Science,,新闻网讯（通讯员 刘璇） 3月26日，致公党武汉市第七届委员会第二次全体（扩大）会议召开。会上对2021年工作表现突出的先进集体和个人进行表彰。,
机械学院黄永安教授团队提出“柔性超材料电子”概念,info/1003/44220.htm,2022-03-30,Huazhong University of Science and Technology,Science,,新闻网讯（通讯员 江山）3月24日，华中科技大学机械学院数字制造装备与技术国家重点实验室黄永安教授团队在国际顶级期刊《Advanced Materials》（影响因子：30.849）上在线发表了题为“Flexible Metamaterial Electronics”（柔性超材料电子，以下简称“FMEs”）的综述文章。在前沿领域柔性电子和超材料的研究基础上，提出了“柔性超材料电子”的概念，讨论了超材料的超自然物理特性在柔性电子中的应用、前景及挑战。机械学院博士后江山为本文第一作者，黄永安教授为本文通讯作者。,
【70周年校庆·基层动态】口腔医学院第一届“卓越牙医”口腔技能大赛开幕,info/1003/44216.htm,2022-03-29,Huazhong University of Science and Technology,Science,,新闻网讯（通讯员 路子倩）3月26日，我校同济医学院口腔医学院第一届“卓越牙医”口腔技能大赛在同济医学院学术报告厅开幕。同济医学院医学教务处处长向明，口腔医学院党委书记、院长陈莉莉教授，副院长毛靖教授参加本次开幕式。,
基础医学院荣岳光团队在细胞自噬研究领域取得新进展,info/1003/44214.htm,2022-03-29,Huazhong University of Science and Technology,Science,,"新闻网讯（通讯员 尹燕华）3月25日，华中科技大学基础医学院病原生物学系荣岳光教授团队在Nature Cell Biology在线发表题为Recycling of autophagosomal components from autolysosomes by the recycler complex的文章，揭示了自噬体的外膜成分循环利用的生物学过程（AutophagosomalComponentsRecycling, ACR），并鉴定了负责此过程的蛋白质复合体Recycler。",
